3,6546085,Cruz del Eje,Cordoba
2,6546085,Cruz del Eje,Cordoba
2,6546085,Cruz del Eje,Cordoba
2,6546085,Cruz del Eje,Cordoba
1,6546085,Cruz del Eje,Cordoba
1,6546085,Cruz del Eje,Cordoba
1,6546085,Cruz del Eje,Cordoba
0,6546085,Cruz del Eje,Cordoba
0,6546085,Cruz del Eje,Cordoba
0,6546085,Cruz del Eje,Cordoba
0,6546085,Cruz del Eje,Cordoba
0,6546085,Cruz del Eje,Cordoba
3,6546085,Cruz del Eje,Cordoba
3,6546085,Cruz del Eje,Cordoba
3,6546085,Cruz del Sol,Cordoba
3,6546085,Cruz del Eje,Capital
3,6546085,Cruz del Eje,Capital
3,6546085,Cruz del Sol,Capital